{"cameraMode":{"drawMode":0,"name":"Shaded","section":"Shading Mode"},"sceneLighting":true,"audioPlay":false,"sceneViewState":{"showFog":false,"showMaterialUpdate":false,"showSkybox":false,"showFlares":false,"showImageEffects":false,"showParticleSystems":false},"in2DMode":false,"pivot":{"x":-5.118831634521484,"y":7.656322479248047,"z":-12.784526824951172},"rotation":{"x":-0.1894909292459488,"y":0.6206583976745606,"z":-0.15802419185638429,"w":-0.7442477941513062},"size":35.33573913574219,"orthographic":false}