{"cameraMode":{"drawMode":0,"name":"Shaded","section":"Shading Mode"},"sceneLighting":true,"audioPlay":false,"sceneViewState":{"showFog":false,"showMaterialUpdate":false,"showSkybox":false,"showFlares":false,"showImageEffects":false,"showParticleSystems":false},"in2DMode":false,"pivot":{"x":0.15863752365112306,"y":15.427408218383789,"z":-4.53206729888916},"rotation":{"x":-0.14436909556388856,"y":0.7337459325790405,"z":-0.16470400989055634,"w":-0.6431541442871094},"size":1.47200608253479,"orthographic":false}