{"cameraMode":{"drawMode":0,"name":"Shaded","section":"Shading Mode"},"sceneLighting":true,"audioPlay":false,"sceneViewState":{"showFog":false,"showMaterialUpdate":false,"showSkybox":false,"showFlares":false,"showImageEffects":false,"showParticleSystems":false},"in2DMode":false,"pivot":{"x":-13.483138084411621,"y":1.7406353950500489,"z":0.7738004922866821},"rotation":{"x":-0.14436909556388856,"y":0.7337459325790405,"z":-0.16470400989055634,"w":-0.6431541442871094},"size":1.2312440872192383,"orthographic":false}